awkward_2,1,5,16,7,549,59,0,120,0,120,8,6,0,120,0,120,0,120,0,120,133,13,0,120,0,120,0,120,0,120,0,120,0,120,0,120,0,120,0,120,
awkward_3,2,5,24,6,252,14,0,120,0,120,14,6,0,120,0,120,0,120,0,120,82,8,0,120,0,120,0,120,0,120,512,21,0,120,0,120,0,120,0,120,
awkward_safe,0,5,0,7,0,66,0,120,0,120,0,6,0,120,0,120,0,120,0,120,0,18,0,120,0,120,0,120,0,120,0,120,0,120,0,120,0,120,0,120,
call_no_order,0,5,0,5,0,6,0,8,24,18,0,5,0,5,0,6,0,8,24,18,0,5,0,5,0,6,0,8,24,18,0,5,0,5,0,6,0,8,24,18,
call_order,0,5,14,17,0,120,0,120,0,120,0,5,0,120,0,120,0,120,0,120,0,6,0,120,0,120,0,120,0,120,1,5,0,120,0,120,0,120,0,120,
cross_reentrancy,0,5,0,5,0,5,0,5,0,5,0,5,0,5,0,5,0,5,0,5,1,5,2,5,3,5,4,5,5,5,1,5,2,5,3,5,4,5,5,5,
cross_reentrancy_safe,0,5,0,5,0,5,0,5,0,5,0,5,0,5,0,5,0,5,0,5,0,5,0,5,0,5,0,5,0,5,0,5,0,5,0,5,0,5,0,5,
dos_safe,0,5,0,8,0,120,0,120,0,120,0,5,0,120,0,120,0,120,0,120,0,5,0,120,0,120,0,120,0,120,0,5,0,120,0,120,0,120,0,120,
double_alloc_1,0,5,1,5,2,5,3,5,4,5,1,5,3,5,5,5,7,5,9,5,1,5,3,5,5,5,7,5,9,6,1,5,3,5,5,5,7,5,9,5,
double_alloc_2,0,5,1,5,2,5,3,5,4,6,1,5,18,7,145,19,0,120,0,120,3,6,459,46,0,120,0,120,0,120,6,6,0,120,0,120,0,120,0,120,
double_alloc_simple,0,5,0,5,0,5,0,5,0,5,1,5,2,5,3,5,4,5,5,5,1,5,2,5,3,5,4,5,5,5,1,5,2,5,3,5,4,5,5,5,
double_free,2,5,12,6,84,11,780,61,0,120,5,5,350,24,0,120,0,120,0,120,9,5,0,120,0,120,0,120,0,120,14,6,0,120,0,120,0,120,0,120,
double_free_simple,0,5,0,5,0,5,0,5,0,5,1,5,4,5,9,5,16,5,25,6,2,5,12,5,36,6,80,7,150,9,3,5,28,6,117,8,336,13,775,25,
file_lock,0,5,7,6,0,120,0,120,0,120,0,5,7,6,0,120,0,120,0,120,0,5,7,6,0,120,0,120,0,120,0,5,7,6,0,120,0,120,0,120,
file_lock_param,0,4,0,5,0,4,0,5,0,5,0,4,0,4,0,5,0,5,0,5,0,5,0,5,0,5,0,5,0,5,0,5,0,5,0,4,0,5,0,5,
file_write,1,5,10,5,93,9,1036,48,0,120,2,5,345,25,0,120,0,120,0,120,3,5,0,120,0,120,0,120,0,120,4,5,0,120,0,120,0,120,0,120,
imj_inp11,1,5,2,5,3,5,4,5,5,5,1,5,2,5,3,5,4,5,5,5,1,5,2,5,3,5,4,5,5,5,1,5,2,5,3,5,4,5,5,5,
lock_counter_safe,0,5,0,5,0,6,0,8,0,12,0,5,0,5,0,6,0,8,0,12,0,5,0,5,0,6,0,8,0,12,0,5,0,5,0,6,0,8,0,12,
optimistic,4,5,150,15,0,120,0,120,0,120,11,6,0,120,0,120,0,120,0,120,26,7,0,120,0,120,0,120,0,120,57,9,0,120,0,120,0,120,0,120,
reentrancy_2,1,5,168,29,0,120,0,120,0,120,6,6,0,120,0,120,0,120,0,120,21,7,0,120,0,120,0,120,0,120,58,9,0,120,0,120,0,120,0,120,
reentrancy,1,5,36,8,0,120,0,120,0,120,4,5,0,120,0,120,0,120,0,120,9,5,0,120,0,120,0,120,0,120,16,6,0,120,0,120,0,120,0,120,
reentrancy_param,0,5,0,8,0,120,0,120,0,120,0,5,0,120,0,120,0,120,0,120,0,5,0,120,0,120,0,120,0,120,0,6,0,120,0,120,0,120,0,120,
reentrancy_safe,0,5,0,8,0,120,0,120,0,120,0,5,0,120,0,120,0,120,0,120,0,5,0,120,0,120,0,120,0,120,0,6,0,120,0,120,0,120,0,120,
remote_sync_1,1,5,3,5,7,6,15,6,31,8,4,5,99,12,0,120,0,120,0,120,13,6,0,120,0,120,0,120,0,120,64,9,0,120,0,120,0,120,0,120,
remote_sync_2,0,5,0,5,0,6,0,7,0,10,0,5,0,6,0,18,0,120,0,120,0,5,9,19,0,120,0,120,0,120,0,5,0,120,0,120,0,120,0,120,
reservation,1,5,36,8,0,120,0,120,0,120,4,5,0,120,0,120,0,120,0,120,9,6,0,120,0,120,0,120,0,120,16,6,0,120,0,120,0,120,0,120,
reverse_counter_safe,0,5,0,5,1,5,4,5,11,6,0,5,0,5,1,5,4,5,11,6,0,5,0,5,1,5,4,5,11,6,0,5,0,5,1,5,4,5,11,6,
