awkward_2,1,6,16,8,549,59,8,6,0,300,0,300,133,14,0,300,0,300,0,300,0,300,0,300,
awkward_3,2,5,24,6,252,14,14,6,0,300,0,300,82,8,0,300,0,300,512,21,0,300,0,300,
awkward_safe,0,6,0,7,0,66,0,6,0,300,0,300,0,19,0,300,0,300,0,300,0,300,0,300,
call_no_order,0,5,0,5,2,5,0,5,0,5,2,5,0,5,0,5,2,5,0,5,0,5,2,5,
call_order,0,5,14,17,0,300,0,5,0,300,0,300,0,5,0,300,0,300,1,6,0,300,0,300,
cross_reentrancy,0,5,0,5,0,5,0,5,0,5,0,5,1,5,2,5,3,5,1,5,2,5,3,5,
cross_reentrancy_safe,0,5,0,5,0,5,0,5,0,5,0,5,0,5,0,5,0,5,0,5,0,5,0,5,
dos_safe,0,5,0,8,0,178,0,5,0,300,0,300,0,6,0,300,0,300,0,6,0,300,0,300,
double_alloc_1,0,5,1,5,2,5,1,5,3,5,5,5,1,5,3,5,5,5,1,5,3,5,5,6,
double_alloc_2,0,5,1,5,2,5,1,5,18,7,145,19,3,6,459,47,0,300,6,6,0,300,0,300,
double_alloc_simple,0,5,0,5,0,5,1,5,2,5,3,5,1,5,2,5,3,5,1,5,2,5,3,5,
double_free,2,5,12,6,84,11,5,5,350,25,0,300,9,6,0,300,0,300,14,6,0,300,0,300,
double_free_simple,0,5,0,5,0,5,1,5,4,5,9,5,2,5,12,5,36,6,3,5,28,6,117,8,
file_lock,0,5,12,5,252,10,0,5,63,7,0,300,0,6,254,15,0,300,0,5,805,46,0,300,
file_lock_param,0,5,0,5,0,5,0,5,0,5,0,5,0,5,0,5,0,5,0,5,0,5,0,5,
file_write,1,5,10,5,93,9,2,5,345,25,0,300,3,5,0,300,0,300,4,5,0,300,0,300,
flat_combiner,0,2,0,2,0,2,0,2,0,2,0,2,0,2,0,2,0,2,0,2,0,2,0,2,
imj_inp11,1,5,2,5,3,5,1,5,2,5,3,5,1,5,2,5,3,5,1,5,2,5,3,5,
lock_counter_safe,0,5,0,5,0,6,0,5,0,5,0,7,0,5,0,5,0,6,0,5,0,5,0,6,
optimistic_safe,0,5,0,15,0,300,0,6,0,300,0,300,0,7,0,300,0,300,0,9,0,300,0,300,
read,1,5,27,7,1911,148,2,5,2700,295,0,300,3,6,0,300,0,300,4,5,0,300,0,300,
reentrancy_2,1,5,168,29,0,300,6,6,0,300,0,300,21,7,0,300,0,300,58,9,0,300,0,300,
reentrancy,1,6,36,9,3003,268,4,5,0,300,0,300,9,7,0,300,0,300,16,7,0,300,0,300,
reentrancy_param,0,5,57,9,0,300,1,5,0,300,0,300,4,6,0,300,0,300,9,7,0,300,0,300,
reentrancy_safe,0,5,0,8,0,195,0,5,0,300,0,300,0,5,0,300,0,300,0,6,0,300,0,300,
remote_sync_1,1,6,3,5,7,6,4,5,99,12,0,300,13,6,0,300,0,300,64,10,0,300,0,300,
remote_sync_2,0,5,0,5,0,6,0,5,0,6,0,18,0,5,9,19,0,300,0,6,207,269,0,300,
reservation,1,5,36,8,3003,274,4,5,0,300,0,300,9,6,0,300,0,300,16,6,0,300,0,300,
reverse_counter_safe,0,4,0,5,1,5,0,5,0,5,1,5,0,5,0,5,1,5,0,5,0,5,1,5,
