awkward_21,9,16,7,549,60,8,6,0,300,0,300,133,14,0,300,0,300,0,300,0,300,0,300,
awkward_2-mo7,9,0,300,0,300,251,34,0,300,0,300,0,300,0,300,0,300,0,300,0,300,0,300,
awkward_32,5,24,6,252,14,14,6,0,300,0,300,82,9,0,300,0,300,512,22,0,300,0,300,
awkward_3-mo8,7,0,300,0,300,414,35,0,300,0,300,0,300,0,300,0,300,0,300,0,300,0,300,
awkward_safe0,5,0,7,0,69,0,6,0,300,0,300,0,20,0,300,0,300,0,300,0,300,0,300,
awkward_safe-mo4,7,0,300,0,300,106,36,0,300,0,300,0,300,0,300,0,300,0,300,0,300,0,300,
call_no_order0,5,0,5,2,6,0,5,0,5,2,6,0,5,0,5,2,5,0,5,0,5,2,5,
call_no_order-mo4,6,44,12,446,63,6,7,84,18,1100,167,6,7,102,28,0,300,6,8,120,48,0,300,
call_order0,6,14,18,0,300,0,6,0,300,0,300,0,6,0,300,0,300,1,6,0,300,0,300,
call_order-mo4,7,296,118,0,300,10,8,0,300,0,300,16,9,0,300,0,300,23,11,0,300,0,300,
call_order_param0,5,0,5,0,6,0,5,0,7,0,300,0,6,0,300,0,300,0,5,0,300,0,300,
call_order_param-mo4,8,84,24,0,300,10,7,0,300,0,300,16,8,0,300,0,300,22,10,0,300,0,300,
cross_reentrancy0,5,0,5,0,5,0,5,0,5,0,5,1,5,2,5,3,5,1,5,2,5,3,5,
cross_reentrancy-mo4,6,36,10,292,40,6,6,108,23,0,300,11,8,1112,164,0,300,15,9,0,300,0,300,
cross_reentrancy_safe0,5,0,5,0,5,0,5,0,5,0,5,0,5,0,5,0,5,0,5,0,5,0,5,
cross_reentrancy_safe-mo4,6,36,10,292,40,6,6,144,28,0,300,10,7,1026,178,0,300,12,9,0,300,0,300,
dos_safe0,5,0,9,0,257,0,5,0,300,0,300,0,6,0,300,0,300,0,6,0,300,0,300,
dos_safe-mo4,6,120,61,0,300,10,7,0,300,0,300,16,10,0,300,0,300,22,13,0,300,0,300,
double_alloc_10,5,1,5,2,5,1,5,3,5,5,5,1,5,3,5,5,5,1,5,3,5,5,5,
double_alloc_1-mo4,6,95,31,0,300,11,8,0,300,0,300,13,9,0,300,0,300,13,10,0,300,0,300,
double_alloc_20,6,1,5,2,5,1,5,18,8,145,25,3,6,459,66,0,300,6,6,0,300,0,300,
double_alloc_2-mo4,6,137,34,0,300,13,9,0,300,0,300,30,13,0,300,0,300,58,19,0,300,0,300,
double_alloc_simple0,5,0,5,0,5,1,5,2,5,3,5,1,5,2,5,3,5,1,5,2,5,3,5,
double_alloc_simple-mo4,6,60,17,0,300,11,7,0,300,0,300,13,7,0,300,0,300,13,9,0,300,0,300,
double_free0,5,0,8,0,45,2,6,0,300,0,300,7,7,0,300,0,300,16,8,0,300,0,300,
double_free-mo4,6,136,87,0,300,14,9,0,300,0,300,36,13,0,300,0,300,81,21,0,300,0,300,
double_free_simple0,5,0,5,0,5,1,5,4,5,9,5,2,5,12,5,36,6,3,5,28,6,117,8,
double_free_simple-mo4,6,60,17,0,300,13,7,0,300,0,300,27,8,0,300,0,300,44,10,0,300,0,300,
file_lock0,5,20,5,375,12,0,5,1660,48,0,300,0,6,0,300,0,300,0,6,0,300,0,300,
file_lock-mo4,6,166,26,0,300,10,7,0,300,0,300,16,8,0,300,0,300,22,11,0,300,0,300,
file_lock_param0,5,0,5,1,5,0,5,0,5,1,5,0,5,0,5,1,5,0,5,0,5,1,5,
file_lock_param-mo4,6,36,10,293,39,6,6,72,15,799,110,6,6,90,24,1267,275,6,7,108,39,0,300,
file_write1,5,10,6,93,11,2,5,345,35,0,300,3,6,0,300,0,300,4,6,0,300,0,300,
file_write-mo5,6,220,30,0,300,12,7,0,300,0,300,19,9,0,300,0,300,26,11,0,300,0,300,
flat_combiner0,5,0,5,0,5,0,5,0,5,0,6,0,5,3,5,14,6,0,5,9,6,80,10,
flat_combiner-mo4,6,40,10,364,49,6,6,78,16,1176,200,6,7,151,31,0,300,6,7,507,71,0,300,
imj_inp111,5,2,5,3,5,1,5,2,5,3,5,1,5,2,5,3,5,1,5,2,5,3,5,
imj_inp11-mo5,6,106,16,2589,259,11,7,950,111,0,300,13,8,0,300,0,300,13,9,0,300,0,300,
lock_counter_safe0,5,0,6,0,38,0,5,0,6,0,38,0,5,0,6,0,38,0,5,0,6,0,38,
lock_counter_safe-mo4,6,120,36,0,300,10,7,0,300,0,300,12,8,0,300,0,300,12,9,0,300,0,300,
optimistic_safe0,5,0,18,0,300,0,7,0,300,0,300,0,8,0,300,0,300,0,11,0,300,0,300,
optimistic_safe-mo4,7,200,168,0,300,10,10,0,300,0,300,16,14,0,300,0,300,22,26,0,300,0,300,
read1,5,27,8,1911,207,2,5,0,300,0,300,3,6,0,300,0,300,4,6,0,300,0,300,
read-mo5,6,330,48,0,300,12,7,0,300,0,300,19,9,0,300,0,300,26,11,0,300,0,300,
reentrancy1,5,36,10,0,300,4,6,0,300,0,300,9,6,0,300,0,300,16,7,0,300,0,300,
reentrancy_21,5,168,40,0,300,6,6,0,300,0,300,21,8,0,300,0,300,58,11,0,300,0,300,
reentrancy_2-mo5,6,994,276,0,300,18,9,0,300,0,300,52,14,0,300,0,300,140,25,0,300,0,300,
reentrancy-mo5,7,360,71,0,300,16,9,0,300,0,300,35,11,0,300,0,300,62,15,0,300,0,300,
reentrancy_param0,6,57,12,0,300,1,5,0,300,0,300,4,6,0,300,0,300,9,7,0,300,0,300,
reentrancy_param-mo4,7,454,78,0,300,11,9,0,300,0,300,22,10,0,300,0,300,41,14,0,300,0,300,
reentrancy_safe0,5,0,9,0,277,0,5,0,300,0,300,0,6,0,300,0,300,0,6,0,300,0,300,
reentrancy_safe-mo4,6,120,63,0,300,10,8,0,300,0,300,16,10,0,300,0,300,22,13,0,300,0,300,
remote_sync_11,6,3,7,7,7,4,6,99,18,0,300,13,7,0,300,0,300,64,12,0,300,0,300,
remote_sync_1-mo5,7,50,14,455,68,22,10,0,300,0,300,161,24,0,300,0,300,1428,203,0,300,0,300,
remote_sync_20,7,0,6,0,8,0,6,0,10,0,26,0,7,9,31,0,300,0,6,0,300,0,300,
remote_sync_2-mo4,7,44,13,444,71,6,7,228,80,0,300,10,9,0,300,0,300,12,11,0,300,0,300,
reservation1,6,36,11,0,300,4,6,0,300,0,300,9,6,0,300,0,300,16,7,0,300,0,300,
reservation-mo5,6,360,66,0,300,16,8,0,300,0,300,35,10,0,300,0,300,62,14,0,300,0,300,
reverse_counter_safe0,5,0,5,1,5,0,5,0,5,1,5,0,5,0,5,1,5,0,5,0,5,1,5,
reverse_counter_safe-mo4,6,40,10,365,48,6,6,78,16,943,131,6,7,96,25,0,300,6,8,114,41,0,300,
small_various_10,7,0,300,0,300,1,13,0,300,0,300,6,33,0,300,0,300,36,91,0,300,0,300,
small_various_20,7,472,68,0,300,8,15,0,300,0,300,139,74,0,300,0,300,0,300,0,300,0,300,
small_various_33,8,0,300,0,300,26,11,0,300,0,300,148,25,0,300,0,300,695,80,0,300,0,300,
small_various_42,7,0,300,0,300,96,21,0,300,0,300,1641,240,0,300,0,300,0,300,0,300,0,300,
various_mains3,8,40,18,496,138,4,9,113,51,0,300,0,300,0,300,0,300,0,300,0,300,0,300,
various_mains_no_equiv3,7,37,15,422,89,4,8,104,42,0,300,527,107,0,300,0,300,0,300,0,300,0,300,
various_safe0,15,0,300,0,300,0,300,0,300,0,300,0,300,0,300,0,300,0,300,0,300,0,300,
various_safe_no_awk0,9,0,300,0,300,0,27,0,300,0,300,0,137,0,300,0,300,0,300,0,300,0,300,
various_unsafe66,104,0,300,0,300,0,300,0,300,0,300,0,300,0,300,0,300,0,300,0,300,0,300,
various_unsafe_no_equiv5,29,0,300,0,300,0,300,0,300,0,300,0,300,0,300,0,300,0,300,0,300,0,300,
